fecha,año,semana_epi,casos_dengue,casos_dengue_lag_1,casos_dengue_lag_2,casos_dengue_lag_3,casos_dengue_lag_8,casos_dengue_lag_4,casos_dengue_lag_5,casos_dengue_lag_9,casos_dengue_lag_10,casos_dengue_lag_6,casos_dengue_lag_7,casos_dengue_lag_11,casos_dengue_lag_12,hum_esp_lag_9,hum_esp_lag_6,hum_esp_lag_11,hum_esp_lag_10,hum_esp_lag_8,hum_esp_lag_4,hum_esp_lag_7,uv_lag_12
2021-03-28,2021,13,1,0.0,0.0,0.0,0.0,1.0,0.0,0.0,1.0,1.0,1.0,0.0,0.0,16.51142857142857,16.46857142857143,17.31857142857143,16.11285714285714,17.42714285714286,15.07857142857143,16.51571428571429,2.222857142857143
2021-04-04,2021,14,0,1.0,0.0,0.0,1.0,0.0,1.0,0.0,0.0,0.0,1.0,1.0,0.0,17.42714285714286,16.08,16.11285714285714,16.51142857142857,16.51571428571429,15.71714285714286,16.46857142857143,2.254285714285714
2021-04-11,2021,15,0,0.0,1.0,0.0,1.0,0.0,0.0,1.0,0.0,1.0,0.0,0.0,1.0,16.51571428571429,15.07857142857143,16.51142857142857,17.42714285714286,16.46857142857143,16.03,16.08,2.42
2021-04-18,2021,16,0,0.0,0.0,1.0,0.0,0.0,0.0,1.0,1.0,0.0,1.0,0.0,0.0,16.46857142857143,15.71714285714286,17.42714285714286,16.51571428571429,16.08,15.33285714285714,15.07857142857143,2.477142857142857
2021-04-25,2021,17,0,0.0,0.0,0.0,1.0,1.0,0.0,0.0,1.0,0.0,0.0,1.0,0.0,16.08,16.03,16.51571428571429,16.46857142857143,15.07857142857143,15.76,15.71714285714286,2.29
2021-05-02,2021,18,0,0.0,0.0,0.0,0.0,0.0,1.0,1.0,0.0,0.0,0.0,1.0,1.0,15.07857142857143,15.33285714285714,16.46857142857143,16.08,15.71714285714286,16.55428571428572,16.03,2.144285714285714
2021-05-09,2021,19,1,0.0,0.0,0.0,0.0,0.0,0.0,0.0,1.0,1.0,0.0,0.0,1.0,15.71714285714286,15.76,16.08,15.07857142857143,16.03,17.90571428571429,15.33285714285714,2.355714285714286
2021-05-16,2021,20,0,1.0,0.0,0.0,0.0,0.0,0.0,0.0,0.0,0.0,1.0,1.0,0.0,16.03,16.55428571428572,15.07857142857143,15.71714285714286,15.33285714285714,17.53428571428571,15.76,2.122857142857143
2021-05-23,2021,21,1,0.0,1.0,0.0,1.0,0.0,0.0,0.0,0.0,0.0,0.0,0.0,1.0,15.33285714285714,17.90571428571429,15.71714285714286,16.03,15.76,16.51428571428571,16.55428571428572,2.155714285714286
2021-05-30,2021,22,0,1.0,0.0,1.0,0.0,0.0,0.0,1.0,0.0,0.0,0.0,0.0,0.0,15.76,17.53428571428571,16.03,15.33285714285714,16.55428571428572,16.27571428571429,17.90571428571429,2.154285714285714
2021-06-06,2021,23,1,0.0,1.0,0.0,0.0,1.0,0.0,0.0,1.0,0.0,0.0,0.0,0.0,16.55428571428572,16.51428571428571,15.33285714285714,15.76,17.90571428571429,16.87142857142857,17.53428571428571,2.122857142857143
2021-06-13,2021,24,1,1.0,0.0,1.0,0.0,0.0,1.0,0.0,0.0,0.0,0.0,1.0,0.0,17.90571428571429,16.27571428571429,15.76,16.55428571428572,17.53428571428571,16.99714285714286,16.51428571428571,2.141428571428571
2021-06-20,2021,25,1,1.0,1.0,0.0,0.0,1.0,0.0,0.0,0.0,1.0,0.0,0.0,1.0,17.53428571428571,16.87142857142857,16.55428571428572,17.90571428571429,16.51428571428571,17.81285714285714,16.27571428571429,2.208571428571429
2021-06-27,2021,26,1,1.0,1.0,1.0,0.0,0.0,1.0,0.0,0.0,0.0,1.0,0.0,0.0,16.51428571428571,16.99714285714286,17.90571428571429,17.53428571428571,16.27571428571429,17.23428571428571,16.87142857142857,2.068571428571429
2021-07-04,2021,27,0,1.0,1.0,1.0,1.0,1.0,0.0,0.0,0.0,1.0,0.0,0.0,0.0,16.27571428571429,17.81285714285714,17.53428571428571,16.51428571428571,16.87142857142857,16.62857142857143,16.99714285714286,2.151428571428572
2021-07-11,2021,28,0,0.0,1.0,1.0,0.0,1.0,1.0,1.0,0.0,0.0,1.0,0.0,0.0,16.87142857142857,17.23428571428571,16.51428571428571,16.27571428571429,16.99714285714286,16.35285714285714,17.81285714285714,2.218571428571429
2021-07-18,2021,29,2,0.0,0.0,1.0,1.0,1.0,1.0,0.0,1.0,1.0,0.0,0.0,0.0,16.99714285714286,16.62857142857143,16.27571428571429,16.87142857142857,17.81285714285714,15.53571428571429,17.23428571428571,2.151428571428572
2021-07-25,2021,30,1,2.0,0.0,0.0,0.0,1.0,1.0,1.0,0.0,1.0,1.0,1.0,0.0,17.81285714285714,16.35285714285714,16.87142857142857,16.99714285714286,17.23428571428571,16.17285714285714,16.62857142857143,2.5
2021-08-01,2021,31,0,1.0,2.0,0.0,1.0,0.0,1.0,0.0,1.0,1.0,1.0,0.0,1.0,17.23428571428571,15.53571428571429,16.99714285714286,17.81285714285714,16.62857142857143,16.59,16.35285714285714,2.504285714285714
2021-08-08,2021,32,1,0.0,1.0,2.0,1.0,0.0,0.0,1.0,0.0,1.0,1.0,1.0,0.0,16.62857142857143,16.17285714285714,17.81285714285714,17.23428571428571,16.35285714285714,16.56571428571429,15.53571428571429,2.185714285714286
2021-08-15,2021,33,3,1.0,0.0,1.0,1.0,2.0,0.0,1.0,1.0,0.0,1.0,0.0,1.0,16.35285714285714,16.59,17.23428571428571,16.62857142857143,15.53571428571429,17.07857142857143,16.17285714285714,2.45
2021-08-22,2021,34,5,3.0,1.0,0.0,1.0,1.0,2.0,1.0,1.0,0.0,0.0,1.0,0.0,15.53571428571429,16.56571428571429,16.62857142857143,16.35285714285714,16.17285714285714,16.43,16.59,2.314285714285714
2021-08-29,2021,35,6,5.0,3.0,1.0,0.0,0.0,1.0,1.0,1.0,2.0,0.0,1.0,1.0,16.17285714285714,17.07857142857143,16.35285714285714,15.53571428571429,16.59,16.65571428571429,16.56571428571429,2.135714285714286
2021-09-05,2021,36,6,6.0,5.0,3.0,0.0,1.0,0.0,0.0,1.0,1.0,2.0,1.0,1.0,16.59,16.43,15.53571428571429,16.17285714285714,16.56571428571429,16.23428571428571,17.07857142857143,2.324285714285714
2021-09-12,2021,37,1,6.0,6.0,5.0,2.0,3.0,1.0,0.0,0.0,0.0,1.0,1.0,1.0,16.56571428571429,16.65571428571429,16.17285714285714,16.59,17.07857142857143,16.65,16.43,2.384285714285714
2021-09-19,2021,38,2,1.0,6.0,6.0,1.0,5.0,3.0,2.0,0.0,1.0,0.0,0.0,1.0,17.07857142857143,16.23428571428571,16.59,16.56571428571429,16.43,17.60714285714286,16.65571428571429,2.425714285714286
2021-09-26,2021,39,5,2.0,1.0,6.0,0.0,6.0,5.0,1.0,2.0,3.0,1.0,0.0,0.0,16.43,16.65,16.56571428571429,17.07857142857143,16.65571428571429,16.57285714285714,16.23428571428571,2.62
2021-10-03,2021,40,3,5.0,2.0,1.0,1.0,6.0,6.0,0.0,1.0,5.0,3.0,2.0,0.0,16.65571428571429,17.60714285714286,17.07857142857143,16.43,16.23428571428571,16.31714285714286,16.65,2.412857142857143
2021-10-10,2021,41,5,3.0,5.0,2.0,3.0,1.0,6.0,1.0,0.0,6.0,5.0,1.0,2.0,16.23428571428571,16.57285714285714,16.43,16.65571428571429,16.65,17.31714285714286,17.60714285714286,2.378571428571429
2021-10-17,2021,42,5,5.0,3.0,5.0,5.0,2.0,1.0,3.0,1.0,6.0,6.0,0.0,1.0,16.65,16.31714285714286,16.65571428571429,16.23428571428571,17.60714285714286,17.70285714285714,16.57285714285714,2.121428571428571
2021-10-24,2021,43,7,5.0,5.0,3.0,6.0,5.0,2.0,5.0,3.0,1.0,6.0,1.0,0.0,17.60714285714286,17.31714285714286,16.23428571428571,16.65,16.57285714285714,17.15714285714285,16.31714285714286,2.605714285714286
2021-10-31,2021,44,6,7.0,5.0,5.0,6.0,3.0,5.0,6.0,5.0,2.0,1.0,3.0,1.0,16.57285714285714,17.70285714285714,16.65,17.60714285714286,16.31714285714286,18.37,17.31714285714286,2.627142857142857
2021-11-07,2021,45,8,6.0,7.0,5.0,1.0,5.0,3.0,6.0,6.0,5.0,2.0,5.0,3.0,16.31714285714286,17.15714285714285,17.60714285714286,16.57285714285714,17.31714285714286,18.80714285714286,17.70285714285714,2.675714285714286
2021-11-14,2021,46,10,8.0,6.0,7.0,2.0,5.0,5.0,1.0,6.0,3.0,5.0,6.0,5.0,17.31714285714286,18.37,16.57285714285714,16.31714285714286,17.70285714285714,18.47,17.15714285714285,2.358571428571428
2021-11-21,2021,47,8,10.0,8.0,6.0,5.0,7.0,5.0,2.0,1.0,5.0,3.0,6.0,6.0,17.70285714285714,18.80714285714286,16.31714285714286,17.31714285714286,17.15714285714285,18.88285714285714,18.37,2.31
2021-11-28,2021,48,10,8.0,10.0,8.0,3.0,6.0,7.0,5.0,2.0,5.0,5.0,1.0,6.0,17.15714285714285,18.47,17.31714285714286,17.70285714285714,18.37,17.99857142857143,18.80714285714286,2.424285714285714
2021-12-05,2021,49,10,10.0,8.0,10.0,5.0,8.0,6.0,3.0,5.0,7.0,5.0,2.0,1.0,18.37,18.88285714285714,17.70285714285714,17.15714285714285,18.80714285714286,18.26428571428572,18.47,2.422857142857143
2021-12-12,2021,50,4,10.0,10.0,8.0,5.0,10.0,8.0,5.0,3.0,6.0,7.0,5.0,2.0,18.80714285714286,17.99857142857143,17.15714285714285,18.37,18.47,17.78,18.88285714285714,2.508571428571428
2021-12-19,2021,51,7,4.0,10.0,10.0,7.0,8.0,10.0,5.0,5.0,8.0,6.0,3.0,5.0,18.47,18.26428571428572,18.37,18.80714285714286,18.88285714285714,18.71,17.99857142857143,2.378571428571429
2021-12-26,2021,52,7,7.0,4.0,10.0,6.0,10.0,8.0,7.0,5.0,10.0,8.0,5.0,3.0,18.88285714285714,17.78,18.80714285714286,18.47,17.99857142857143,18.69428571428572,18.26428571428572,2.031428571428571
2022-01-02,2022,1,3,7.0,7.0,4.0,8.0,10.0,10.0,6.0,7.0,8.0,10.0,5.0,5.0,17.99857142857143,18.71,18.47,18.88285714285714,18.26428571428572,18.00285714285715,17.78,2.161428571428571
2022-01-09,2022,2,2,3.0,7.0,7.0,10.0,4.0,10.0,8.0,6.0,10.0,8.0,7.0,5.0,18.26428571428572,18.69428571428572,18.88285714285714,17.99857142857143,17.78,17.67142857142857,18.71,2.405714285714286
2022-01-16,2022,3,7,2.0,3.0,7.0,8.0,7.0,4.0,10.0,8.0,10.0,10.0,6.0,7.0,17.78,18.00285714285715,17.99857142857143,18.26428571428572,18.71,17.70428571428571,18.69428571428572,2.267142857142857
2022-01-23,2022,4,3,7.0,2.0,3.0,10.0,7.0,7.0,8.0,10.0,4.0,10.0,8.0,6.0,18.71,17.67142857142857,18.26428571428572,17.78,18.69428571428572,17.91142857142857,18.00285714285715,2.317142857142857
2022-01-30,2022,5,15,3.0,7.0,2.0,10.0,3.0,7.0,10.0,8.0,7.0,4.0,10.0,8.0,18.69428571428572,17.70428571428571,17.78,18.71,18.00285714285715,16.32714285714286,17.67142857142857,2.134285714285714
2022-02-06,2022,6,9,15.0,3.0,7.0,4.0,2.0,3.0,10.0,10.0,7.0,7.0,8.0,10.0,18.00285714285715,17.91142857142857,18.71,18.69428571428572,17.67142857142857,15.87714285714286,17.70428571428571,2.077142857142857
2022-02-13,2022,7,3,9.0,15.0,3.0,7.0,7.0,2.0,4.0,10.0,3.0,7.0,10.0,8.0,17.67142857142857,16.32714285714286,18.69428571428572,18.00285714285715,17.70428571428571,16.65857142857143,17.91142857142857,1.974285714285714
2022-02-20,2022,8,4,3.0,9.0,15.0,7.0,3.0,7.0,7.0,4.0,2.0,3.0,10.0,10.0,17.70428571428571,15.87714285714286,18.00285714285715,17.67142857142857,17.91142857142857,16.08571428571429,16.32714285714286,2.045714285714286
2022-02-27,2022,9,10,4.0,3.0,9.0,3.0,15.0,3.0,7.0,7.0,7.0,2.0,4.0,10.0,17.91142857142857,16.65857142857143,17.67142857142857,17.70428571428571,16.32714285714286,15.24714285714286,15.87714285714286,2.072857142857143
2022-03-06,2022,10,8,10.0,4.0,3.0,2.0,9.0,15.0,3.0,7.0,3.0,7.0,7.0,4.0,16.32714285714286,16.08571428571429,17.70428571428571,17.91142857142857,15.87714285714286,16.58428571428572,16.65857142857143,2.018571428571428
2022-03-13,2022,11,3,8.0,10.0,4.0,7.0,3.0,9.0,2.0,3.0,15.0,3.0,7.0,7.0,15.87714285714286,15.24714285714286,17.91142857142857,16.32714285714286,16.65857142857143,16.45428571428571,16.08571428571429,2.078571428571429
2022-03-20,2022,12,4,3.0,8.0,10.0,3.0,4.0,3.0,7.0,2.0,9.0,15.0,3.0,7.0,16.65857142857143,16.58428571428572,16.32714285714286,15.87714285714286,16.08571428571429,14.95428571428572,15.24714285714286,2.012857142857143
2022-03-27,2022,13,11,4.0,3.0,8.0,15.0,10.0,4.0,3.0,7.0,3.0,9.0,2.0,3.0,16.08571428571429,16.45428571428571,15.87714285714286,16.65857142857143,15.24714285714286,17.79,16.58428571428572,2.012857142857143
2022-04-03,2022,14,10,11.0,4.0,3.0,9.0,8.0,10.0,15.0,3.0,4.0,3.0,7.0,2.0,15.24714285714286,14.95428571428572,16.65857142857143,16.08571428571429,16.58428571428572,17.47285714285714,16.45428571428571,1.912857142857143
2022-04-10,2022,15,11,10.0,11.0,4.0,3.0,3.0,8.0,9.0,15.0,10.0,4.0,3.0,7.0,16.58428571428572,17.79,16.08571428571429,15.24714285714286,16.45428571428571,17.43142857142857,14.95428571428572,2.044285714285714
2022-04-17,2022,16,8,11.0,10.0,11.0,4.0,4.0,3.0,3.0,9.0,8.0,10.0,15.0,3.0,16.45428571428571,17.47285714285714,15.24714285714286,16.58428571428572,14.95428571428572,17.86714285714286,17.79,2.285714285714286
2022-04-24,2022,17,8,8.0,11.0,10.0,10.0,11.0,4.0,4.0,3.0,3.0,8.0,9.0,15.0,14.95428571428572,17.43142857142857,16.58428571428572,16.45428571428571,17.79,18.66857142857143,17.47285714285714,2.251428571428571
2022-05-01,2022,18,17,8.0,8.0,11.0,8.0,10.0,11.0,10.0,4.0,4.0,3.0,3.0,9.0,17.79,17.86714285714286,16.45428571428571,14.95428571428572,17.47285714285714,19.60571428571429,17.43142857142857,1.938571428571429
2022-05-08,2022,19,7,17.0,8.0,8.0,3.0,11.0,10.0,8.0,10.0,11.0,4.0,4.0,3.0,17.47285714285714,18.66857142857143,14.95428571428572,17.79,17.43142857142857,19.53571428571428,17.86714285714286,2.002857142857143
2022-05-15,2022,20,11,7.0,17.0,8.0,4.0,8.0,11.0,3.0,8.0,10.0,11.0,10.0,4.0,17.43142857142857,19.60571428571429,17.79,17.47285714285714,17.86714285714286,18.59428571428571,18.66857142857143,2.235714285714286
2022-05-22,2022,21,15,11.0,7.0,17.0,11.0,8.0,8.0,4.0,3.0,11.0,10.0,8.0,10.0,17.86714285714286,19.53571428571428,17.47285714285714,17.43142857142857,18.66857142857143,19.35142857142857,19.60571428571429,2.012857142857143
2022-05-29,2022,22,6,15.0,11.0,7.0,10.0,17.0,8.0,11.0,4.0,8.0,11.0,3.0,8.0,18.66857142857143,18.59428571428571,17.43142857142857,17.86714285714286,19.60571428571429,19.83571428571429,19.53571428571428,2.418571428571429
2022-06-05,2022,23,15,6.0,15.0,11.0,11.0,7.0,17.0,10.0,11.0,8.0,8.0,4.0,3.0,19.60571428571429,19.35142857142857,17.86714285714286,18.66857142857143,19.53571428571428,19.93,18.59428571428571,2.465714285714286
2022-06-12,2022,24,11,15.0,6.0,15.0,8.0,11.0,7.0,11.0,10.0,17.0,8.0,11.0,4.0,19.53571428571428,19.83571428571429,18.66857142857143,19.60571428571429,18.59428571428571,19.82571428571429,19.35142857142857,2.288571428571429
2022-06-19,2022,25,10,11.0,15.0,6.0,8.0,15.0,11.0,8.0,11.0,7.0,17.0,10.0,11.0,18.59428571428571,19.93,19.60571428571429,19.53571428571428,19.35142857142857,19.74,19.83571428571429,2.247142857142857
2022-06-26,2022,26,20,10.0,11.0,15.0,17.0,6.0,15.0,8.0,8.0,11.0,7.0,11.0,10.0,19.35142857142857,19.82571428571429,19.53571428571428,18.59428571428571,19.83571428571429,19.22571428571428,19.93,2.222857142857143
2022-07-03,2022,27,12,20.0,10.0,11.0,7.0,15.0,6.0,17.0,8.0,15.0,11.0,8.0,11.0,19.83571428571429,19.74,18.59428571428571,19.35142857142857,19.93,19.11428571428572,19.82571428571429,2.15
2022-07-10,2022,28,12,12.0,20.0,10.0,11.0,11.0,15.0,7.0,17.0,6.0,15.0,8.0,8.0,19.93,19.22571428571428,19.35142857142857,19.83571428571429,19.82571428571429,19.11285714285714,19.74,2.421428571428571
2022-07-17,2022,29,8,12.0,12.0,20.0,15.0,10.0,11.0,11.0,7.0,15.0,6.0,17.0,8.0,19.82571428571429,19.11428571428572,19.83571428571429,19.93,19.74,19.59857142857143,19.22571428571428,2.61
2022-07-24,2022,30,7,8.0,12.0,12.0,6.0,20.0,10.0,15.0,11.0,11.0,15.0,7.0,17.0,19.74,19.11285714285714,19.93,19.82571428571429,19.22571428571428,19.09714285714286,19.11428571428572,2.331428571428571
2022-07-31,2022,31,17,7.0,8.0,12.0,15.0,12.0,20.0,6.0,15.0,10.0,11.0,11.0,7.0,19.22571428571428,19.59857142857143,19.82571428571429,19.74,19.11428571428572,20.08857142857143,19.11285714285714,2.61
2022-08-07,2022,32,14,17.0,7.0,8.0,11.0,12.0,12.0,15.0,6.0,20.0,10.0,15.0,11.0,19.11428571428572,19.09714285714286,19.74,19.22571428571428,19.11285714285714,19.82714285714286,19.59857142857143,2.572857142857143
2022-08-14,2022,33,12,14.0,17.0,7.0,10.0,8.0,12.0,11.0,15.0,12.0,20.0,6.0,15.0,19.11285714285714,20.08857142857143,19.22571428571428,19.11428571428572,19.59857142857143,19.92285714285714,19.09714285714286,2.278571428571428
2022-08-21,2022,34,9,12.0,14.0,17.0,20.0,7.0,8.0,10.0,11.0,12.0,12.0,15.0,6.0,19.59857142857143,19.82714285714286,19.11428571428572,19.11285714285714,19.09714285714286,19.35857142857143,20.08857142857143,2.312857142857143
2022-08-28,2022,35,10,9.0,12.0,14.0,12.0,17.0,7.0,20.0,10.0,8.0,12.0,11.0,15.0,19.09714285714286,19.92285714285714,19.11285714285714,19.59857142857143,20.08857142857143,19.44571428571428,19.82714285714286,2.222857142857143
2022-09-04,2022,36,14,10.0,9.0,12.0,12.0,14.0,17.0,12.0,20.0,7.0,8.0,10.0,11.0,20.08857142857143,19.35857142857143,19.59857142857143,19.09714285714286,19.82714285714286,19.54714285714286,19.92285714285714,2.221428571428572
2022-09-11,2022,37,14,14.0,10.0,9.0,8.0,12.0,14.0,12.0,12.0,17.0,7.0,20.0,10.0,19.82714285714286,19.44571428571428,19.09714285714286,20.08857142857143,19.92285714285714,19.46428571428572,19.35857142857143,2.112857142857143
2022-09-18,2022,38,16,14.0,14.0,10.0,7.0,9.0,12.0,8.0,12.0,14.0,17.0,12.0,20.0,19.92285714285714,19.54714285714286,20.08857142857143,19.82714285714286,19.35857142857143,19.26857142857143,19.44571428571428,2.112857142857143
2022-09-25,2022,39,11,16.0,14.0,14.0,17.0,10.0,9.0,7.0,8.0,12.0,14.0,12.0,12.0,19.35857142857143,19.46428571428572,19.82714285714286,19.92285714285714,19.44571428571428,19.15,19.54714285714286,2.155714285714286
2022-10-02,2022,40,10,11.0,16.0,14.0,14.0,14.0,10.0,17.0,7.0,9.0,12.0,8.0,12.0,19.44571428571428,19.26857142857143,19.92285714285714,19.35857142857143,19.54714285714286,19.61285714285714,19.46428571428572,2.072857142857143
2022-10-09,2022,41,7,10.0,11.0,16.0,12.0,14.0,14.0,14.0,17.0,10.0,9.0,7.0,8.0,19.54714285714286,19.15,19.35857142857143,19.44571428571428,19.46428571428572,19.05285714285714,19.26857142857143,2.248571428571429
2022-10-16,2022,42,9,7.0,10.0,11.0,9.0,16.0,14.0,12.0,14.0,14.0,10.0,17.0,7.0,19.46428571428572,19.61285714285714,19.44571428571428,19.54714285714286,19.26857142857143,18.45428571428571,19.15,2.202857142857143
2022-10-23,2022,43,4,9.0,7.0,10.0,10.0,11.0,16.0,9.0,12.0,14.0,14.0,14.0,17.0,19.26857142857143,19.05285714285714,19.54714285714286,19.46428571428572,19.15,18.94142857142857,19.61285714285714,2.188571428571429
2022-10-30,2022,44,11,4.0,9.0,7.0,14.0,10.0,11.0,10.0,9.0,16.0,14.0,12.0,14.0,19.15,18.45428571428571,19.46428571428572,19.26857142857143,19.61285714285714,19.27857142857143,19.05285714285714,2.345714285714286
2022-11-06,2022,45,13,11.0,4.0,9.0,14.0,7.0,10.0,14.0,10.0,11.0,16.0,9.0,12.0,19.61285714285714,18.94142857142857,19.26857142857143,19.15,19.05285714285714,19.20714285714286,18.45428571428571,2.31
2022-11-13,2022,46,11,13.0,11.0,4.0,16.0,9.0,7.0,14.0,14.0,10.0,11.0,10.0,9.0,19.05285714285714,19.27857142857143,19.15,19.61285714285714,18.45428571428571,19.37428571428572,18.94142857142857,2.17
2022-11-20,2022,47,8,11.0,13.0,11.0,11.0,4.0,9.0,16.0,14.0,7.0,10.0,14.0,10.0,18.45428571428571,19.20714285714286,19.61285714285714,19.05285714285714,18.94142857142857,19.23285714285714,19.27857142857143,2.338571428571429
2022-11-27,2022,48,5,8.0,11.0,13.0,10.0,11.0,4.0,11.0,16.0,9.0,7.0,14.0,14.0,18.94142857142857,19.37428571428572,19.05285714285714,18.45428571428571,19.27857142857143,18.64857142857143,19.20714285714286,2.41
2022-12-04,2022,49,5,5.0,8.0,11.0,7.0,13.0,11.0,10.0,11.0,4.0,9.0,16.0,14.0,19.27857142857143,19.23285714285714,18.45428571428571,18.94142857142857,19.20714285714286,18.96714285714286,19.37428571428572,2.454285714285714
2022-12-11,2022,50,8,5.0,5.0,8.0,9.0,11.0,13.0,7.0,10.0,11.0,4.0,11.0,16.0,19.20714285714286,18.64857142857143,18.94142857142857,19.27857142857143,19.37428571428572,19.32142857142857,19.23285714285714,2.298571428571428
2022-12-18,2022,51,7,8.0,5.0,5.0,4.0,8.0,11.0,9.0,7.0,13.0,11.0,10.0,11.0,19.37428571428572,18.96714285714286,19.27857142857143,19.20714285714286,19.23285714285714,19.08714285714286,18.64857142857143,2.087142857142857
2022-12-25,2022,52,8,7.0,8.0,5.0,11.0,5.0,8.0,4.0,9.0,11.0,13.0,7.0,10.0,19.23285714285714,19.32142857142857,19.20714285714286,19.37428571428572,18.64857142857143,18.01571428571429,18.96714285714286,2.041428571428571
2023-01-01,2023,1,18,8.0,7.0,8.0,13.0,5.0,5.0,11.0,4.0,8.0,11.0,9.0,7.0,18.64857142857143,19.08714285714286,19.37428571428572,19.23285714285714,18.96714285714286,17.32714285714286,19.32142857142857,2.081428571428571
2023-01-08,2023,2,16,18.0,8.0,7.0,11.0,8.0,5.0,13.0,11.0,5.0,8.0,4.0,9.0,18.96714285714286,18.01571428571429,19.23285714285714,18.64857142857143,19.32142857142857,18.71857142857143,19.08714285714286,2.241428571428572
2023-01-15,2023,3,24,16.0,18.0,8.0,8.0,7.0,8.0,11.0,13.0,5.0,5.0,11.0,4.0,19.32142857142857,17.32714285714286,18.64857142857143,18.96714285714286,19.08714285714286,18.13571428571429,18.01571428571429,2.157142857142857
2023-01-22,2023,4,21,24.0,16.0,18.0,5.0,8.0,7.0,8.0,11.0,8.0,5.0,13.0,11.0,19.08714285714286,18.71857142857143,18.96714285714286,19.32142857142857,18.01571428571429,17.92142857142857,17.32714285714286,2.144285714285714
2023-01-29,2023,5,27,21.0,24.0,16.0,5.0,18.0,8.0,5.0,8.0,7.0,8.0,11.0,13.0,18.01571428571429,18.13571428571429,19.32142857142857,19.08714285714286,17.32714285714286,17.80285714285714,18.71857142857143,1.94
2023-02-05,2023,6,12,27.0,21.0,24.0,8.0,16.0,18.0,5.0,5.0,8.0,7.0,8.0,11.0,17.32714285714286,17.92142857142857,19.08714285714286,18.01571428571429,18.71857142857143,18.16142857142857,18.13571428571429,1.745714285714286
2023-02-12,2023,7,16,12.0,27.0,21.0,7.0,24.0,16.0,8.0,5.0,18.0,8.0,5.0,8.0,18.71857142857143,17.80285714285714,18.01571428571429,17.32714285714286,18.13571428571429,17.31571428571429,17.92142857142857,1.748571428571429
2023-02-19,2023,8,10,16.0,12.0,27.0,8.0,21.0,24.0,7.0,8.0,16.0,18.0,5.0,5.0,18.13571428571429,18.16142857142857,17.32714285714286,18.71857142857143,17.92142857142857,17.20714285714286,17.80285714285714,1.964285714285714
2023-02-26,2023,9,10,10.0,16.0,12.0,18.0,27.0,21.0,8.0,7.0,24.0,16.0,8.0,5.0,17.92142857142857,17.31571428571429,18.71857142857143,18.13571428571429,17.80285714285714,16.06,18.16142857142857,1.942857142857143
2023-03-05,2023,10,10,10.0,10.0,16.0,16.0,12.0,27.0,18.0,8.0,21.0,24.0,7.0,8.0,17.80285714285714,17.20714285714286,18.13571428571429,17.92142857142857,18.16142857142857,17.25,17.31571428571429,1.79
2023-03-12,2023,11,9,10.0,10.0,10.0,24.0,16.0,12.0,16.0,18.0,27.0,21.0,8.0,7.0,18.16142857142857,16.06,17.92142857142857,17.80285714285714,17.31571428571429,17.46857142857143,17.20714285714286,1.835714285714286
2023-03-19,2023,12,7,9.0,10.0,10.0,21.0,10.0,16.0,24.0,16.0,12.0,27.0,18.0,8.0,17.31571428571429,17.25,17.80285714285714,18.16142857142857,17.20714285714286,15.43,16.06,1.73
2023-03-26,2023,13,15,7.0,9.0,10.0,27.0,10.0,10.0,21.0,24.0,16.0,12.0,16.0,18.0,17.20714285714286,17.46857142857143,18.16142857142857,17.31571428571429,16.06,16.81142857142857,17.25,1.712857142857143
2023-04-02,2023,14,5,15.0,7.0,9.0,12.0,10.0,10.0,27.0,21.0,10.0,16.0,24.0,16.0,16.06,15.43,17.31571428571429,17.20714285714286,17.25,17.01,17.46857142857143,1.741428571428571
2023-04-09,2023,15,12,5.0,15.0,7.0,16.0,9.0,10.0,12.0,27.0,10.0,10.0,21.0,24.0,17.25,16.81142857142857,17.20714285714286,16.06,17.46857142857143,17.47428571428571,15.43,1.907142857142857
2023-04-16,2023,16,5,12.0,5.0,15.0,10.0,7.0,9.0,16.0,12.0,10.0,10.0,27.0,21.0,17.46857142857143,17.01,16.06,17.25,15.43,17.13571428571429,16.81142857142857,1.904285714285714
2023-04-23,2023,17,8,5.0,12.0,5.0,10.0,15.0,7.0,10.0,16.0,9.0,10.0,12.0,27.0,15.43,17.47428571428571,17.25,17.46857142857143,16.81142857142857,18.40857142857143,17.01,2.132857142857143
2023-04-30,2023,18,9,8.0,5.0,12.0,10.0,5.0,15.0,10.0,10.0,7.0,9.0,16.0,12.0,16.81142857142857,17.13571428571429,17.46857142857143,15.43,17.01,18.33714285714286,17.47428571428571,1.954285714285714
2023-05-07,2023,19,14,9.0,8.0,5.0,9.0,12.0,5.0,10.0,10.0,15.0,7.0,10.0,16.0,17.01,18.40857142857143,15.43,16.81142857142857,17.47428571428571,18.61428571428572,17.13571428571429,1.935714285714286
2023-05-14,2023,20,19,14.0,9.0,8.0,7.0,5.0,12.0,9.0,10.0,5.0,15.0,10.0,10.0,17.47428571428571,18.33714285714286,16.81142857142857,17.01,17.13571428571429,18.57571428571429,18.40857142857143,2.102857142857143
2023-05-21,2023,21,21,19.0,14.0,9.0,15.0,8.0,5.0,7.0,9.0,12.0,5.0,10.0,10.0,17.13571428571429,18.61428571428572,17.01,17.47428571428571,18.40857142857143,18.35714285714286,18.33714285714286,1.984285714285714
2023-05-28,2023,22,16,21.0,19.0,14.0,5.0,9.0,8.0,15.0,7.0,5.0,12.0,9.0,10.0,18.40857142857143,18.57571428571429,17.47428571428571,17.13571428571429,18.33714285714286,20.09714285714286,18.61428571428572,1.851428571428571
2023-06-04,2023,23,19,16.0,21.0,19.0,12.0,14.0,9.0,5.0,15.0,8.0,5.0,7.0,9.0,18.33714285714286,18.35714285714286,17.13571428571429,18.40857142857143,18.61428571428572,19.67142857142857,18.57571428571429,2.005714285714286
2023-06-11,2023,24,19,19.0,16.0,21.0,5.0,19.0,14.0,12.0,5.0,9.0,8.0,15.0,7.0,18.61428571428572,20.09714285714286,18.40857142857143,18.33714285714286,18.57571428571429,20.30714285714286,18.35714285714286,2.171428571428572
2023-06-18,2023,25,11,19.0,19.0,16.0,8.0,21.0,19.0,5.0,12.0,14.0,9.0,5.0,15.0,18.57571428571429,19.67142857142857,18.33714285714286,18.61428571428572,18.35714285714286,20.14,20.09714285714286,1.955714285714286
2023-06-25,2023,26,10,11.0,19.0,19.0,9.0,16.0,21.0,8.0,5.0,19.0,14.0,12.0,5.0,18.35714285714286,20.30714285714286,18.61428571428572,18.57571428571429,20.09714285714286,20.17285714285714,19.67142857142857,2.175714285714286
2023-07-02,2023,27,14,10.0,11.0,19.0,14.0,19.0,16.0,9.0,8.0,21.0,19.0,5.0,12.0,20.09714285714286,20.14,18.57571428571429,18.35714285714286,19.67142857142857,20.18285714285714,20.30714285714286,1.96
2023-07-09,2023,28,23,14.0,10.0,11.0,19.0,19.0,19.0,14.0,9.0,16.0,21.0,8.0,5.0,19.67142857142857,20.17285714285714,18.35714285714286,20.09714285714286,20.30714285714286,20.66142857142857,20.14,2.017142857142857
2023-07-16,2023,29,29,23.0,14.0,10.0,21.0,11.0,19.0,19.0,14.0,19.0,16.0,9.0,8.0,20.30714285714286,20.18285714285714,20.09714285714286,19.67142857142857,20.14,20.51142857142857,20.17285714285714,2.208571428571429
2023-07-23,2023,30,18,29.0,23.0,14.0,16.0,10.0,11.0,21.0,19.0,19.0,19.0,14.0,9.0,20.14,20.66142857142857,19.67142857142857,20.30714285714286,20.17285714285714,20.21714285714286,20.18285714285714,2.247142857142857
2023-07-30,2023,31,18,18.0,29.0,23.0,19.0,14.0,10.0,16.0,21.0,11.0,19.0,19.0,14.0,20.17285714285714,20.51142857142857,20.30714285714286,20.14,20.18285714285714,19.86,20.66142857142857,2.188571428571429
2023-08-06,2023,32,18,18.0,18.0,29.0,19.0,23.0,14.0,19.0,16.0,10.0,11.0,21.0,19.0,20.18285714285714,20.21714285714286,20.14,20.17285714285714,20.66142857142857,20.43285714285714,20.51142857142857,1.96
2023-08-13,2023,33,16,18.0,18.0,18.0,11.0,29.0,23.0,19.0,19.0,14.0,10.0,16.0,21.0,20.66142857142857,19.86,20.17285714285714,20.18285714285714,20.51142857142857,20.16142857142857,20.21714285714286,2.325714285714286
2023-08-20,2023,34,24,16.0,18.0,18.0,10.0,18.0,29.0,11.0,19.0,23.0,14.0,19.0,16.0,20.51142857142857,20.43285714285714,20.18285714285714,20.66142857142857,20.21714285714286,20.45428571428571,19.86,2.308571428571429
2023-08-27,2023,35,24,24.0,16.0,18.0,14.0,18.0,18.0,10.0,11.0,29.0,23.0,19.0,19.0,20.21714285714286,20.16142857142857,20.66142857142857,20.51142857142857,19.86,20.73285714285714,20.43285714285714,2.147142857142857
2023-09-03,2023,36,24,24.0,24.0,16.0,23.0,18.0,18.0,14.0,10.0,18.0,29.0,11.0,19.0,19.86,20.45428571428571,20.51142857142857,20.21714285714286,20.43285714285714,21.10428571428571,20.16142857142857,2.535714285714286
2023-09-10,2023,37,32,24.0,24.0,24.0,29.0,16.0,18.0,23.0,14.0,18.0,18.0,10.0,11.0,20.43285714285714,20.73285714285714,20.21714285714286,19.86,20.16142857142857,20.26857142857143,20.45428571428571,2.498571428571428
2023-09-17,2023,38,25,32.0,24.0,24.0,18.0,24.0,16.0,29.0,23.0,18.0,18.0,14.0,10.0,20.16142857142857,21.10428571428571,19.86,20.43285714285714,20.45428571428571,20.22571428571429,20.73285714285714,2.312857142857143
2023-09-24,2023,39,19,25.0,32.0,24.0,18.0,24.0,24.0,18.0,29.0,16.0,18.0,23.0,14.0,20.45428571428571,20.26857142857143,20.43285714285714,20.16142857142857,20.73285714285714,21.13285714285714,21.10428571428571,2.205714285714286
2023-10-01,2023,40,18,19.0,25.0,32.0,18.0,24.0,24.0,18.0,18.0,24.0,16.0,29.0,23.0,20.73285714285714,20.22571428571429,20.16142857142857,20.45428571428571,21.10428571428571,20.28857142857143,20.26857142857143,2.74
2023-10-08,2023,41,21,18.0,19.0,25.0,16.0,32.0,24.0,18.0,18.0,24.0,24.0,18.0,29.0,21.10428571428571,21.13285714285714,20.45428571428571,20.73285714285714,20.26857142857143,20.25285714285715,20.22571428571429,2.708571428571429
2023-10-15,2023,42,13,21.0,18.0,19.0,24.0,25.0,32.0,16.0,18.0,24.0,24.0,18.0,18.0,20.26857142857143,20.28857142857143,20.73285714285714,21.10428571428571,20.22571428571429,20.51857142857143,21.13285714285714,2.408571428571428
2023-10-22,2023,43,16,13.0,21.0,18.0,24.0,19.0,25.0,24.0,16.0,32.0,24.0,18.0,18.0,20.22571428571429,20.25285714285715,21.10428571428571,20.26857142857143,21.13285714285714,20.83714285714286,20.28857142857143,2.547142857142857
2023-10-29,2023,44,14,16.0,13.0,21.0,24.0,18.0,19.0,24.0,24.0,25.0,32.0,16.0,18.0,21.13285714285714,20.51857142857143,20.26857142857143,20.22571428571429,20.28857142857143,20.29571428571429,20.25285714285715,2.188571428571429
2023-11-05,2023,45,16,14.0,16.0,13.0,32.0,21.0,18.0,24.0,24.0,19.0,25.0,24.0,16.0,20.28857142857143,20.83714285714286,20.22571428571429,21.13285714285714,20.25285714285715,20.46285714285714,20.51857142857143,2.454285714285714
2023-11-12,2023,46,16,16.0,14.0,16.0,25.0,13.0,21.0,32.0,24.0,18.0,19.0,24.0,24.0,20.25285714285715,20.29571428571429,21.13285714285714,20.28857142857143,20.51857142857143,20.25285714285715,20.83714285714286,2.417142857142857
2023-11-19,2023,47,10,16.0,16.0,14.0,19.0,16.0,13.0,25.0,32.0,21.0,18.0,24.0,24.0,20.51857142857143,20.46285714285714,20.28857142857143,20.25285714285715,20.83714285714286,19.32142857142857,20.29571428571429,2.5
2023-11-26,2023,48,22,10.0,16.0,16.0,18.0,14.0,16.0,19.0,25.0,13.0,21.0,32.0,24.0,20.83714285714286,20.25285714285715,20.25285714285715,20.51857142857143,20.29571428571429,18.93,20.46285714285714,2.197142857142857
2023-12-03,2023,49,19,22.0,10.0,16.0,21.0,16.0,14.0,18.0,19.0,16.0,13.0,25.0,32.0,20.29571428571429,19.32142857142857,20.51857142857143,20.83714285714286,20.46285714285714,20.68142857142857,20.25285714285715,2.408571428571428
2023-12-10,2023,50,23,19.0,22.0,10.0,13.0,16.0,16.0,21.0,18.0,14.0,16.0,19.0,25.0,20.46285714285714,18.93,20.83714285714286,20.29571428571429,20.25285714285715,20.55571428571428,19.32142857142857,2.335714285714286
2023-12-17,2023,51,40,23.0,19.0,22.0,16.0,10.0,16.0,13.0,21.0,16.0,14.0,18.0,19.0,20.25285714285715,20.68142857142857,20.29571428571429,20.46285714285714,19.32142857142857,19.87285714285715,18.93,2.235714285714286
2023-12-24,2023,52,35,40.0,23.0,19.0,14.0,22.0,10.0,16.0,13.0,16.0,16.0,21.0,18.0,19.32142857142857,20.55571428571428,20.46285714285714,20.25285714285715,18.93,20.46285714285714,20.68142857142857,2.15
2023-12-31,2024,1,43,35.0,40.0,23.0,16.0,19.0,22.0,14.0,16.0,10.0,16.0,13.0,21.0,18.93,19.87285714285715,20.25285714285715,19.32142857142857,20.68142857142857,19.64571428571429,20.55571428571428,1.945714285714286
2024-01-07,2024,2,50,43.0,35.0,40.0,16.0,23.0,19.0,16.0,14.0,22.0,10.0,16.0,13.0,20.68142857142857,20.46285714285714,19.32142857142857,18.93,20.55571428571428,19.96714285714286,19.87285714285715,1.845714285714286
2024-01-14,2024,3,21,50.0,43.0,35.0,10.0,40.0,23.0,16.0,16.0,19.0,22.0,14.0,16.0,20.55571428571428,19.64571428571429,18.93,20.68142857142857,19.87285714285715,19.06857142857143,20.46285714285714,2.061428571428571
2024-01-21,2024,4,23,21.0,50.0,43.0,22.0,35.0,40.0,10.0,16.0,23.0,19.0,16.0,14.0,19.87285714285715,19.96714285714286,20.68142857142857,20.55571428571428,20.46285714285714,19.49285714285714,19.64571428571429,2.11
2024-01-28,2024,5,14,23.0,21.0,50.0,19.0,43.0,35.0,22.0,10.0,40.0,23.0,16.0,16.0,20.46285714285714,19.06857142857143,20.55571428571428,19.87285714285715,19.64571428571429,17.99142857142857,19.96714285714286,1.987142857142857
2024-02-04,2024,6,26,14.0,23.0,21.0,23.0,50.0,43.0,19.0,22.0,35.0,40.0,10.0,16.0,19.64571428571429,19.49285714285714,19.87285714285715,20.46285714285714,19.96714285714286,17.31,19.06857142857143,1.952857142857143
2024-02-11,2024,7,20,26.0,14.0,23.0,40.0,21.0,50.0,23.0,19.0,43.0,35.0,22.0,10.0,19.96714285714286,17.99142857142857,20.46285714285714,19.64571428571429,19.06857142857143,17.34571428571429,19.49285714285714,2.1
2024-02-18,2024,8,24,20.0,26.0,14.0,35.0,23.0,21.0,40.0,23.0,50.0,43.0,19.0,22.0,19.06857142857143,17.31,19.64571428571429,19.96714285714286,19.49285714285714,16.62285714285714,17.99142857142857,2.04
2024-02-25,2024,9,54,24.0,20.0,26.0,43.0,14.0,23.0,35.0,40.0,21.0,50.0,23.0,19.0,19.49285714285714,17.34571428571429,19.96714285714286,19.06857142857143,17.99142857142857,17.00285714285714,17.31,1.912857142857143
2024-03-03,2024,10,30,54.0,24.0,20.0,50.0,26.0,14.0,43.0,35.0,23.0,21.0,40.0,23.0,17.99142857142857,16.62285714285714,19.06857142857143,19.49285714285714,17.31,16.56285714285714,17.34571428571429,1.81
2024-03-10,2024,11,34,30.0,54.0,24.0,21.0,20.0,26.0,50.0,43.0,14.0,23.0,35.0,40.0,17.31,17.00285714285714,19.49285714285714,17.99142857142857,17.34571428571429,17.41714285714286,16.62285714285714,1.998571428571429
2024-03-17,2024,12,25,34.0,30.0,54.0,23.0,24.0,20.0,21.0,50.0,26.0,14.0,43.0,35.0,17.34571428571429,16.56285714285714,17.99142857142857,17.31,16.62285714285714,16.66285714285714,17.00285714285714,1.932857142857143
2024-03-24,2024,13,26,25.0,34.0,30.0,14.0,54.0,24.0,23.0,21.0,20.0,26.0,50.0,43.0,16.62285714285714,17.41714285714286,17.31,17.34571428571429,17.00285714285714,15.23857142857143,16.56285714285714,2.18
2024-03-31,2024,14,25,26.0,25.0,34.0,26.0,30.0,54.0,14.0,23.0,24.0,20.0,21.0,50.0,17.00285714285714,16.66285714285714,17.34571428571429,16.62285714285714,16.56285714285714,16.45428571428571,17.41714285714286,2.13
2024-04-07,2024,15,16,25.0,26.0,25.0,20.0,34.0,30.0,26.0,14.0,54.0,24.0,23.0,21.0,16.56285714285714,15.23857142857143,16.62285714285714,17.00285714285714,17.41714285714286,17.11,16.66285714285714,2.134285714285714
2024-04-14,2024,16,18,16.0,25.0,26.0,24.0,25.0,34.0,20.0,26.0,30.0,54.0,14.0,23.0,17.41714285714286,16.45428571428571,17.00285714285714,16.56285714285714,16.66285714285714,18.41428571428571,15.23857142857143,2.134285714285714
2024-04-21,2024,17,19,18.0,16.0,25.0,54.0,26.0,25.0,24.0,20.0,34.0,30.0,26.0,14.0,16.66285714285714,17.11,16.56285714285714,17.41714285714286,15.23857142857143,16.37571428571428,16.45428571428571,1.708571428571429
2024-04-28,2024,18,22,19.0,18.0,16.0,30.0,25.0,26.0,54.0,24.0,25.0,34.0,20.0,26.0,15.23857142857143,18.41428571428571,17.41714285714286,16.66285714285714,16.45428571428571,17.50714285714286,17.11,2.054285714285714
2024-05-05,2024,19,28,22.0,19.0,18.0,34.0,16.0,25.0,30.0,54.0,26.0,25.0,24.0,20.0,16.45428571428571,16.37571428571428,16.66285714285714,15.23857142857143,17.11,18.72428571428571,18.41428571428571,2.561428571428571
2024-05-12,2024,20,26,28.0,22.0,19.0,25.0,18.0,16.0,34.0,30.0,25.0,26.0,54.0,24.0,17.11,17.50714285714286,15.23857142857143,16.45428571428571,18.41428571428571,18.86428571428572,16.37571428571428,2.484285714285714
2024-05-19,2024,21,30,26.0,28.0,22.0,26.0,19.0,18.0,25.0,34.0,16.0,25.0,30.0,54.0,18.41428571428571,18.72428571428571,16.45428571428571,17.11,16.37571428571428,19.94428571428572,17.50714285714286,2.43
2024-05-26,2024,22,38,30.0,26.0,28.0,25.0,22.0,19.0,26.0,25.0,18.0,16.0,34.0,30.0,16.37571428571428,18.86428571428572,17.11,18.41428571428571,17.50714285714286,20.12857142857143,18.72428571428571,1.944285714285714
2024-06-02,2024,23,23,38.0,30.0,26.0,16.0,28.0,22.0,25.0,26.0,19.0,18.0,25.0,34.0,17.50714285714286,19.94428571428572,18.41428571428571,16.37571428571428,18.72428571428571,20.91428571428571,18.86428571428572,1.992857142857143
2024-06-09,2024,24,41,23.0,38.0,30.0,18.0,26.0,28.0,16.0,25.0,22.0,19.0,26.0,25.0,18.72428571428571,20.12857142857143,16.37571428571428,17.50714285714286,18.86428571428572,21.00714285714286,19.94428571428572,1.874285714285714
2024-06-16,2024,25,32,41.0,23.0,38.0,19.0,30.0,26.0,18.0,16.0,28.0,22.0,25.0,26.0,18.86428571428572,20.91428571428571,17.50714285714286,18.72428571428571,19.94428571428572,20.89714285714286,20.12857142857143,2.12
2024-06-23,2024,26,37,32.0,41.0,23.0,22.0,38.0,30.0,19.0,18.0,26.0,28.0,16.0,25.0,19.94428571428572,21.00714285714286,18.72428571428571,18.86428571428572,20.12857142857143,20.74,20.91428571428571,1.861428571428571
2024-06-30,2024,27,70,37.0,32.0,41.0,28.0,23.0,38.0,22.0,19.0,30.0,26.0,18.0,16.0,20.12857142857143,20.89714285714286,18.86428571428572,19.94428571428572,20.91428571428571,20.81142857142857,21.00714285714286,2.327142857142857
2024-07-07,2024,28,73,70.0,37.0,32.0,26.0,41.0,23.0,28.0,22.0,38.0,30.0,19.0,18.0,20.91428571428571,20.74,19.94428571428572,20.12857142857143,21.00714285714286,20.47142857142857,20.89714285714286,1.83
2024-07-14,2024,29,42,73.0,70.0,37.0,30.0,32.0,41.0,26.0,28.0,23.0,38.0,22.0,19.0,21.00714285714286,20.81142857142857,20.12857142857143,20.91428571428571,20.89714285714286,19.79428571428571,20.74,2.332857142857143
2024-07-21,2024,30,57,42.0,73.0,70.0,38.0,37.0,32.0,30.0,26.0,41.0,23.0,28.0,22.0,20.89714285714286,20.47142857142857,20.91428571428571,21.00714285714286,20.74,19.71571428571428,20.81142857142857,1.928571428571429
2024-07-28,2024,31,59,57.0,42.0,73.0,23.0,70.0,37.0,38.0,30.0,32.0,41.0,26.0,28.0,20.74,19.79428571428571,21.00714285714286,20.89714285714286,20.81142857142857,19.91142857142857,20.47142857142857,2.235714285714286
2024-08-04,2024,32,52,59.0,57.0,42.0,41.0,73.0,70.0,23.0,38.0,37.0,32.0,30.0,26.0,20.81142857142857,19.71571428571428,20.89714285714286,20.74,20.47142857142857,20.78285714285714,19.79428571428571,2.132857142857143
2024-08-11,2024,33,45,52.0,59.0,57.0,32.0,42.0,73.0,41.0,23.0,70.0,37.0,38.0,30.0,20.47142857142857,19.91142857142857,20.74,20.81142857142857,19.79428571428571,20.55714285714286,19.71571428571428,2.147142857142857
2024-08-18,2024,34,32,45.0,52.0,59.0,37.0,57.0,42.0,32.0,41.0,73.0,70.0,23.0,38.0,19.79428571428571,20.78285714285714,20.81142857142857,20.47142857142857,19.71571428571428,20.90285714285714,19.91142857142857,2.330000000000001
2024-08-25,2024,35,34,32.0,45.0,52.0,70.0,59.0,57.0,37.0,32.0,42.0,73.0,41.0,23.0,19.71571428571428,20.55714285714286,20.47142857142857,19.79428571428571,19.91142857142857,20.38714285714286,20.78285714285714,2.187142857142857
2024-09-01,2024,36,33,34.0,32.0,45.0,73.0,52.0,59.0,70.0,37.0,57.0,42.0,32.0,41.0,19.91142857142857,20.90285714285714,19.79428571428571,19.71571428571428,20.78285714285714,19.91857142857143,20.55714285714286,2.217142857142857
2024-09-08,2024,37,28,33.0,34.0,32.0,42.0,45.0,52.0,73.0,70.0,59.0,57.0,37.0,32.0,20.78285714285714,20.38714285714286,19.71571428571428,19.91142857142857,20.55714285714286,19.92857142857143,20.90285714285714,2.205714285714286
2024-09-15,2024,38,28,28.0,33.0,34.0,57.0,32.0,45.0,42.0,73.0,52.0,59.0,70.0,37.0,20.55714285714286,19.91857142857143,19.91142857142857,20.78285714285714,20.90285714285714,20.25857142857143,20.38714285714286,2.26
2024-09-22,2024,39,33,28.0,28.0,33.0,59.0,34.0,32.0,57.0,42.0,45.0,52.0,73.0,70.0,20.90285714285714,19.92857142857143,20.78285714285714,20.55714285714286,20.38714285714286,20.06,19.91857142857143,2.3
2024-09-29,2024,40,26,33.0,28.0,28.0,52.0,33.0,34.0,59.0,57.0,32.0,45.0,42.0,73.0,20.38714285714286,20.25857142857143,20.55714285714286,20.90285714285714,19.91857142857143,20.27571428571429,19.92857142857143,2.64
2024-10-06,2024,41,38,26.0,33.0,28.0,45.0,28.0,33.0,52.0,59.0,34.0,32.0,57.0,42.0,19.91857142857143,20.06,20.90285714285714,20.38714285714286,19.92857142857143,20.36428571428572,20.25857142857143,2.567142857142857
2024-10-13,2024,42,44,38.0,26.0,33.0,32.0,28.0,28.0,45.0,52.0,33.0,34.0,59.0,57.0,19.92857142857143,20.27571428571429,20.38714285714286,19.91857142857143,20.25857142857143,20.82571428571429,20.06,2.455714285714286
2024-10-20,2024,43,42,44.0,38.0,26.0,34.0,33.0,28.0,32.0,45.0,28.0,33.0,52.0,59.0,20.25857142857143,20.36428571428572,19.91857142857143,19.92857142857143,20.06,19.46,20.27571428571429,2.222857142857143
2024-10-27,2024,44,55,42.0,44.0,38.0,33.0,26.0,33.0,34.0,32.0,28.0,28.0,45.0,52.0,20.06,20.82571428571429,19.92857142857143,20.25857142857143,20.27571428571429,19.06571428571429,20.36428571428572,2.068571428571429
2024-11-03,2024,45,45,55.0,42.0,44.0,28.0,38.0,26.0,33.0,34.0,33.0,28.0,32.0,45.0,20.27571428571429,19.46,20.25857142857143,20.06,20.36428571428572,19.36285714285714,20.82571428571429,2.345714285714286
2024-11-10,2024,46,64,45.0,55.0,42.0,28.0,44.0,38.0,28.0,33.0,26.0,33.0,34.0,32.0,20.36428571428572,19.06571428571429,20.06,20.27571428571429,20.82571428571429,20.26142857142857,19.46,2.181428571428571
2024-11-17,2024,47,49,64.0,45.0,55.0,33.0,42.0,44.0,28.0,28.0,38.0,26.0,33.0,34.0,20.82571428571429,19.36285714285714,20.27571428571429,20.36428571428572,19.46,20.37571428571428,19.06571428571429,2.158571428571428
2024-11-24,2024,48,68,49.0,64.0,45.0,26.0,55.0,42.0,33.0,28.0,44.0,38.0,28.0,33.0,19.46,20.26142857142857,20.36428571428572,20.82571428571429,19.06571428571429,19.98714285714286,19.36285714285714,2.154285714285714
2024-12-01,2024,49,92,68.0,49.0,64.0,38.0,45.0,55.0,26.0,33.0,42.0,44.0,28.0,28.0,19.06571428571429,20.37571428571428,20.82571428571429,19.46,19.36285714285714,19.49857142857143,20.26142857142857,1.971428571428572
2024-12-08,2024,50,85,92.0,68.0,49.0,44.0,64.0,45.0,38.0,26.0,55.0,42.0,33.0,28.0,19.36285714285714,19.98714285714286,19.46,19.06571428571429,20.26142857142857,18.31857142857143,20.37571428571428,2.388571428571428
2024-12-15,2024,51,74,85.0,92.0,68.0,42.0,49.0,64.0,44.0,38.0,45.0,55.0,26.0,33.0,20.26142857142857,19.49857142857143,19.06571428571429,19.36285714285714,20.37571428571428,19.08285714285714,19.98714285714286,2.464285714285714
2024-12-22,2024,52,66,74.0,85.0,92.0,55.0,68.0,49.0,42.0,44.0,64.0,45.0,38.0,26.0,20.37571428571428,18.31857142857143,19.36285714285714,20.26142857142857,19.98714285714286,19.80285714285714,19.49857142857143,2.194285714285714
2024-12-29,2025,1,92,66.0,74.0,85.0,45.0,92.0,68.0,55.0,42.0,49.0,64.0,44.0,38.0,19.98714285714286,19.08285714285714,20.26142857142857,20.37571428571428,19.49857142857143,19.59571428571428,18.31857142857143,1.93
2025-01-05,2025,2,90,92.0,66.0,74.0,64.0,85.0,92.0,45.0,55.0,68.0,49.0,42.0,44.0,19.49857142857143,19.80285714285714,20.37571428571428,19.98714285714286,18.31857142857143,19.07571428571429,19.08285714285714,1.862857142857143
2025-01-12,2025,3,82,90.0,92.0,66.0,49.0,74.0,85.0,64.0,45.0,92.0,68.0,55.0,42.0,18.31857142857143,19.59571428571428,19.98714285714286,19.49857142857143,19.08285714285714,19.54571428571429,19.80285714285714,1.907142857142857
2025-01-19,2025,4,99,82.0,90.0,92.0,68.0,66.0,74.0,49.0,64.0,85.0,92.0,45.0,55.0,19.08285714285714,19.07571428571429,19.49857142857143,18.31857142857143,19.80285714285714,19.18571428571429,19.59571428571428,1.935714285714286
2025-01-26,2025,5,103,99.0,82.0,90.0,92.0,92.0,66.0,68.0,49.0,74.0,85.0,64.0,45.0,19.80285714285714,19.54571428571429,18.31857142857143,19.08285714285714,19.59571428571428,18.56857142857143,19.07571428571429,1.894285714285714
2025-02-02,2025,6,106,103.0,99.0,82.0,85.0,90.0,92.0,92.0,68.0,66.0,74.0,49.0,64.0,19.59571428571428,19.18571428571429,19.08285714285714,19.80285714285714,19.07571428571429,18.68428571428571,19.54571428571429,1.981428571428571
2025-02-09,2025,7,71,106.0,103.0,99.0,74.0,82.0,90.0,85.0,92.0,92.0,66.0,68.0,49.0,19.07571428571429,18.56857142857143,19.80285714285714,19.59571428571428,19.54571428571429,18.38,19.18571428571429,1.811428571428571
2025-02-16,2025,8,78,71.0,106.0,103.0,66.0,99.0,82.0,74.0,85.0,90.0,92.0,92.0,68.0,19.54571428571429,18.68428571428571,19.59571428571428,19.07571428571429,19.18571428571429,18.29142857142857,18.56857142857143,1.878571428571429
2025-02-23,2025,9,52,78.0,71.0,106.0,92.0,103.0,99.0,66.0,74.0,82.0,90.0,85.0,92.0,19.18571428571429,18.38,19.07571428571429,19.54571428571429,18.56857142857143,19.01142857142857,18.68428571428571,1.762857142857143
2025-03-02,2025,10,83,52.0,78.0,71.0,90.0,106.0,103.0,92.0,66.0,99.0,82.0,74.0,85.0,18.56857142857143,18.29142857142857,19.54571428571429,19.18571428571429,18.68428571428571,18.41,18.38,1.921428571428571
2025-03-09,2025,11,63,83.0,52.0,78.0,82.0,71.0,106.0,90.0,92.0,103.0,99.0,66.0,74.0,18.68428571428571,19.01142857142857,19.18571428571429,18.56857142857143,18.38,18.33714285714286,18.29142857142857,1.652857142857143
2025-03-16,2025,12,76,63.0,83.0,52.0,99.0,78.0,71.0,82.0,90.0,106.0,103.0,92.0,66.0,18.38,18.41,18.56857142857143,18.68428571428571,18.29142857142857,18.41,19.01142857142857,1.724285714285714
2025-03-23,2025,13,48,76.0,63.0,83.0,103.0,52.0,78.0,99.0,82.0,71.0,106.0,90.0,92.0,18.29142857142857,18.33714285714286,18.68428571428571,18.38,19.01142857142857,18.81285714285714,18.41,1.744285714285714
2025-03-30,2025,14,48,48.0,76.0,63.0,106.0,83.0,52.0,103.0,99.0,78.0,71.0,82.0,90.0,19.01142857142857,18.41,18.38,18.29142857142857,18.41,18.25428571428571,18.33714285714286,1.871428571428571
2025-04-06,2025,15,51,48.0,48.0,76.0,71.0,63.0,83.0,106.0,103.0,52.0,78.0,99.0,82.0,18.41,18.81285714285714,18.29142857142857,19.01142857142857,18.33714285714286,18.01714285714286,18.41,2.08
2025-04-13,2025,16,51,51.0,48.0,48.0,78.0,76.0,63.0,71.0,106.0,83.0,52.0,103.0,99.0,18.33714285714286,18.25428571428571,19.01142857142857,18.41,18.41,19.08857142857143,18.81285714285714,1.988571428571429
2025-04-20,2025,17,55,51.0,51.0,48.0,52.0,48.0,76.0,78.0,71.0,63.0,83.0,106.0,103.0,18.41,18.01714285714286,18.41,18.33714285714286,18.81285714285714,19.68857142857143,18.25428571428571,1.947142857142857
2025-04-27,2025,18,65,55.0,51.0,51.0,83.0,48.0,48.0,52.0,78.0,76.0,63.0,71.0,106.0,18.81285714285714,19.08857142857143,18.33714285714286,18.41,18.25428571428571,19.20285714285714,18.01714285714286,1.775714285714286
2025-05-04,2025,19,75,65.0,55.0,51.0,63.0,51.0,48.0,83.0,52.0,48.0,76.0,78.0,71.0,18.25428571428571,19.68857142857143,18.41,18.81285714285714,18.01714285714286,19.73428571428571,19.08857142857143,1.754285714285714
2025-05-11,2025,20,73,75.0,65.0,55.0,76.0,51.0,51.0,63.0,83.0,48.0,48.0,52.0,78.0,18.01714285714286,19.20285714285714,18.81285714285714,18.25428571428571,19.08857142857143,19.82714285714286,19.68857142857143,1.89
2025-05-18,2025,21,74,73.0,75.0,65.0,48.0,55.0,51.0,76.0,63.0,51.0,48.0,83.0,52.0,19.08857142857143,19.73428571428571,18.25428571428571,18.01714285714286,19.68857142857143,19.23285714285714,19.20285714285714,1.805714285714286
2025-05-25,2025,22,55,74.0,73.0,75.0,48.0,65.0,55.0,48.0,76.0,51.0,51.0,63.0,83.0,19.68857142857143,19.82714285714286,18.01714285714286,19.08857142857143,19.20285714285714,19.66857142857143,19.73428571428571,1.942857142857143
2025-06-01,2025,23,63,55.0,74.0,73.0,51.0,75.0,65.0,48.0,48.0,55.0,51.0,76.0,63.0,19.20285714285714,19.23285714285714,19.08857142857143,19.68857142857143,19.73428571428571,19.28428571428572,19.82714285714286,1.938571428571429
2025-06-08,2025,24,48,63.0,55.0,74.0,51.0,73.0,75.0,51.0,48.0,65.0,55.0,48.0,76.0,19.73428571428571,19.66857142857143,19.68857142857143,19.20285714285714,19.82714285714286,20.21428571428572,19.23285714285714,1.93
2025-06-15,2025,25,60,48.0,63.0,55.0,55.0,74.0,73.0,51.0,51.0,75.0,65.0,48.0,48.0,19.82714285714286,19.28428571428572,19.20285714285714,19.73428571428571,19.23285714285714,20.17428571428571,19.66857142857143,2.071428571428572
2025-06-22,2025,26,40,60.0,48.0,63.0,65.0,55.0,74.0,55.0,51.0,73.0,75.0,51.0,48.0,19.23285714285714,20.21428571428572,19.73428571428571,19.82714285714286,19.66857142857143,20.32571428571429,19.28428571428572,1.981428571428572
2025-06-29,2025,27,55,40.0,60.0,48.0,75.0,63.0,55.0,65.0,55.0,74.0,73.0,51.0,51.0,19.66857142857143,20.17428571428571,19.82714285714286,19.23285714285714,19.28428571428572,20.11142857142857,20.21428571428572,2.04
2025-07-06,2025,28,37,55.0,40.0,60.0,73.0,48.0,63.0,75.0,65.0,55.0,74.0,55.0,51.0,19.28428571428572,20.32571428571429,19.23285714285714,19.66857142857143,20.21428571428572,19.79142857142857,20.17428571428571,2.297142857142857
2025-07-13,2025,29,52,37.0,55.0,40.0,74.0,60.0,48.0,73.0,75.0,63.0,55.0,65.0,55.0,20.21428571428572,20.11142857142857,19.66857142857143,19.28428571428572,20.17428571428571,20.52714285714286,20.32571428571429,2.271428571428571
2025-07-20,2025,30,35,52.0,37.0,55.0,55.0,40.0,60.0,74.0,73.0,48.0,63.0,75.0,65.0,20.17428571428571,19.79142857142857,19.28428571428572,20.21428571428572,20.32571428571429,20.14142857142857,20.11142857142857,1.985714285714286
2025-07-27,2025,31,37,35.0,52.0,37.0,63.0,55.0,40.0,55.0,74.0,60.0,48.0,73.0,75.0,20.32571428571429,20.52714285714286,20.21428571428572,20.17428571428571,20.11142857142857,20.21285714285714,19.79142857142857,2.301428571428571
2025-08-03,2025,32,27,37.0,35.0,52.0,48.0,37.0,55.0,63.0,55.0,40.0,60.0,74.0,73.0,20.11142857142857,20.14142857142857,20.17428571428571,20.32571428571429,19.79142857142857,19.55714285714286,20.52714285714286,2.267142857142857
2025-08-10,2025,33,40,27.0,37.0,35.0,60.0,52.0,37.0,48.0,63.0,55.0,40.0,55.0,74.0,19.79142857142857,20.21285714285714,20.32571428571429,20.11142857142857,20.52714285714286,20.16142857142857,20.14142857142857,2.387142857142857
2025-08-17,2025,34,26,40.0,27.0,37.0,40.0,35.0,52.0,60.0,48.0,37.0,55.0,63.0,55.0,20.52714285714286,19.55714285714286,20.11142857142857,19.79142857142857,20.14142857142857,20.33714285714286,20.21285714285714,2.295714285714286
2025-08-24,2025,35,28,26.0,40.0,27.0,55.0,37.0,35.0,40.0,60.0,52.0,37.0,48.0,63.0,20.14142857142857,20.16142857142857,19.79142857142857,20.52714285714286,20.21285714285714,19.97428571428571,19.55714285714286,2.09
2025-08-31,2025,36,37,28.0,26.0,40.0,37.0,27.0,37.0,55.0,40.0,35.0,52.0,60.0,48.0,20.21285714285714,20.33714285714286,20.52714285714286,20.14142857142857,19.55714285714286,19.48142857142857,20.16142857142857,2.035714285714286
2025-09-07,2025,37,34,37.0,28.0,26.0,52.0,40.0,27.0,37.0,55.0,37.0,35.0,40.0,60.0,19.55714285714286,19.97428571428571,20.14142857142857,20.21285714285714,20.16142857142857,19.34428571428571,20.33714285714286,2.284285714285714
2025-09-14,2025,38,29,34.0,37.0,28.0,35.0,26.0,40.0,52.0,37.0,27.0,37.0,55.0,40.0,20.16142857142857,19.48142857142857,20.21285714285714,19.55714285714286,20.33714285714286,19.56142857142857,19.97428571428571,2.118571428571428
2025-09-21,2025,39,28,29.0,34.0,37.0,37.0,28.0,26.0,35.0,52.0,40.0,27.0,37.0,55.0,20.33714285714286,19.34428571428571,19.55714285714286,20.16142857142857,19.97428571428571,20.08857142857143,19.48142857142857,2.28
2025-09-28,2025,40,29,28.0,29.0,34.0,27.0,37.0,28.0,37.0,35.0,26.0,40.0,52.0,37.0,19.97428571428571,19.56142857142857,20.16142857142857,20.33714285714286,19.48142857142857,19.90857142857143,19.34428571428571,2.178571428571428
2025-10-05,2025,41,12,29.0,28.0,29.0,40.0,34.0,37.0,27.0,37.0,28.0,26.0,35.0,52.0,19.48142857142857,20.08857142857143,20.33714285714286,19.97428571428571,19.34428571428571,19.63142857142858,19.56142857142857,2.484285714285714
2025-10-12,2025,42,19,12.0,29.0,28.0,26.0,29.0,34.0,40.0,27.0,37.0,28.0,37.0,35.0,19.34428571428571,19.90857142857143,19.97428571428571,19.48142857142857,19.56142857142857,19.41142857142857,20.08857142857143,2.325714285714286
2025-10-19,2025,43,14,19.0,12.0,29.0,28.0,28.0,29.0,26.0,40.0,34.0,37.0,27.0,37.0,19.56142857142857,19.63142857142858,19.48142857142857,19.34428571428571,20.08857142857143,19.72571428571429,19.90857142857143,2.311428571428571
2025-10-26,2025,44,21,14.0,19.0,12.0,37.0,29.0,28.0,28.0,26.0,29.0,34.0,40.0,27.0,20.08857142857143,19.41142857142857,19.34428571428571,19.56142857142857,19.90857142857143,19.11428571428572,19.63142857142858,2.354285714285715
2025-11-02,2025,45,26,21.0,14.0,19.0,34.0,12.0,29.0,37.0,28.0,28.0,29.0,26.0,40.0,19.90857142857143,19.72571428571429,19.56142857142857,20.08857142857143,19.63142857142858,18.93714285714286,19.41142857142857,2.134285714285714
2025-11-09,2025,46,28,26.0,21.0,14.0,29.0,19.0,12.0,34.0,37.0,29.0,28.0,28.0,26.0,19.63142857142858,19.11428571428572,20.08857142857143,19.90857142857143,19.41142857142857,18.69,19.72571428571429,2.302857142857143
2025-11-16,2025,47,30,28.0,26.0,21.0,28.0,14.0,19.0,29.0,34.0,12.0,29.0,37.0,28.0,19.41142857142857,18.93714285714286,19.90857142857143,19.63142857142858,19.72571428571429,19.46142857142857,19.11428571428572,2.464285714285714
2025-11-23,2025,48,19,30.0,28.0,26.0,29.0,21.0,14.0,28.0,29.0,19.0,12.0,34.0,37.0,19.72571428571429,18.69,19.63142857142858,19.41142857142857,19.11428571428572,19.53857142857143,18.93714285714286,2.282857142857143
2025-11-30,2025,49,8,19.0,30.0,28.0,12.0,26.0,21.0,29.0,28.0,14.0,19.0,29.0,34.0,19.11428571428572,19.46142857142857,19.41142857142857,19.72571428571429,18.93714285714286,19.42,18.69,2.447142857142857
2025-12-07,2025,50,9,8.0,19.0,30.0,19.0,28.0,26.0,12.0,29.0,21.0,14.0,28.0,29.0,18.93714285714286,19.53857142857143,19.72571428571429,19.11428571428572,18.69,19.73,19.46142857142857,2.248571428571429
2025-12-14,2025,51,7,9.0,8.0,19.0,14.0,30.0,28.0,19.0,12.0,26.0,21.0,29.0,28.0,18.69,19.42,19.11428571428572,18.93714285714286,19.46142857142857,18.93,19.53857142857143,2.422857142857143
2025-12-21,2025,52,5,7.0,9.0,8.0,21.0,19.0,30.0,14.0,19.0,28.0,26.0,12.0,29.0,19.46142857142857,19.73,18.93714285714286,18.69,19.53857142857143,19.23285714285714,19.42,2.175714285714286
2025-12-28,2025,53,9,5.0,7.0,9.0,26.0,8.0,19.0,21.0,14.0,30.0,28.0,19.0,12.0,19.53857142857143,18.93,18.69,19.46142857142857,19.42,18.51571428571429,19.73,2.06
